,count,bpppc_min,bpppc_max,bpppc_avg,bpppc_std,pae_min,pae_max,pae_avg,pae_std,compression_efficiency_2byte_entropy_min,compression_efficiency_2byte_entropy_max,compression_efficiency_2byte_entropy_avg,compression_efficiency_2byte_entropy_std,psnr_dr_min,psnr_dr_max,psnr_dr_avg,psnr_dr_std
JPEG_LS_2bf27__ls=0_m=1,4,1.25810546875,1.3359375,1.2955037434895833,0.03200654625327105,1,1,1.0,0.0,-0.39742296049056897,-0.3742690058479532,-0.3861264900224008,0.009513152320887432,49.90352796531092,49.98644490773203,49.92635134222375,0.040111329484360914
JPEG_LS_2bf27__ls=0_m=2,4,1.213232421875,1.28369140625,1.2421712239583333,0.029912752155722453,2,2,2.0,0.0,-0.41212218778927034,-0.3895017116774439,-0.40269379892379153,0.009569071477502241,44.98442284439007,45.0704034966393,45.042440048222105,0.0395156279874578
JPEG_LS_2bf27__ls=0_m=3,4,1.169580078125,1.2333984375,1.19473876953125,0.027381170190019847,3,3,3.0,0.0,-0.4275038617292197,-0.4053840063341251,-0.41866402853363566,0.009454976448366667,41.91604781588045,41.971471252626586,41.93808496734569,0.024588679724382313
JPEG_LS_2bf27__ls=0_m=4,4,1.153369140625,1.2138671875,1.1767293294270833,0.026134844341273104,4,4,4.0,0.0,-0.4335125523898226,-0.41190667739340303,-0.42506143980791283,0.009299408635713219,39.69233748760654,39.776506834032105,39.74456761880151,0.03769851995716662
JPEG_LS_2bf27__ls=0_m=5,4,1.144775390625,1.2060546875,1.1681009928385417,0.026553099034545738,5,5,5.0,0.0,-0.436766901258264,-0.4145748987854251,-0.42820847276034363,0.009578715901638547,37.88205827342058,38.07699990018469,37.99678456113463,0.08278542667204009
all,20,1.144775390625,1.3359375,1.2154488118489584,0.054936446655302826,1,5,3.0,1.4509525002200232,-0.436766901258264,-0.3742690058479532,-0.4121508460096169,0.01818574416250183,37.88205827342058,49.98644490773203,42.92964570754554,4.3258795539124
