,count,ms_ssim_min,ms_ssim_max,ms_ssim_avg,ms_ssim_std
JPEG_LS_2bf27__ls=0_m=0,3,1.0,1.0,1.0,0.0
JPEG_LS_2bf27__ls=0_m=1,3,0.9993054124092752,0.9996789818422547,0.9994441740338255,0.00020446804736299424
JPEG_LS_2bf27__ls=0_m=2,3,0.9981057757051529,0.9990687045917984,0.9984739303646686,0.0005199281984113641
JPEG_LS_2bf27__ls=0_m=3,3,0.9964117094007454,0.9981957034875293,0.9970984173752195,0.0009602549301468992
JPEG_LS_2bf27__ls=0_m=4,3,0.9942675373817335,0.9970693927409502,0.9953392800642167,0.0015125100497152806
all,15,0.9942675373817335,1.0,0.998071160367586,0.0018817820530270082
