group_label,group_size,x_min,x_max,x_avg,x_std,x_median,y_min,y_max,y_avg,y_std,y_median,value_min,value_max,value_avg,value_std,value_median
a,4096,-0.999310698760632,0.999716930905954,-0.012283616972200838,0.5754125031254491,-0.0262769024794525,-0.999350794689637,0.998338430625135,-0.0016280803474159633,0.579009491674669,-0.0161493529860455,0.000341263545489,3.95321702785944,1.3286815969089858,0.9393390280948332,1.1110250123215248
b,2,-2.0,2.0,0.0,2.8284271247461903,0.0,-3.0,5.0,1.0,5.656854249492381,1.0,5.0,5.0,5.0,0.0,5.0
