group_label,group_size,sepal_length_min,sepal_length_max,sepal_length_avg,sepal_length_std,sepal_length_median,sepal_width_min,sepal_width_max,sepal_width_avg,sepal_width_std,sepal_width_median,petal_length_min,petal_length_max,petal_length_avg,petal_length_std,petal_length_median,petal_width_min,petal_width_max,petal_width_avg,petal_width_std,petal_width_median
Iris-setosa,50,4.3,5.8,5.006,0.35248968721345136,5.0,2.3,4.4,3.418,0.38102439795469095,3.4,1.0,1.9,1.464,0.17351115943644546,1.5,0.1,0.6,0.244,0.1072095030816784,0.2
Iris-versicolor,50,4.9,7.0,5.936,0.5161711470638634,5.9,2.0,3.4,2.7700000000000005,0.3137983233784114,2.8,3.0,5.1,4.26,0.46991097723995795,4.35,1.0,1.8,1.3259999999999998,0.19775268000454405,1.3
Iris-virginica,50,4.9,7.9,6.587999999999998,0.6358795932744322,6.5,2.2,3.8,2.974,0.32249663817263746,3.0,4.5,6.9,5.5520000000000005,0.5518946956639834,5.55,1.4,2.5,2.0260000000000002,0.2746500556366674,2.0
